{"cameraMode":{"drawMode":0,"name":"Shaded","section":"Shading Mode"},"sceneLighting":true,"audioPlay":false,"sceneViewState":{"showFog":true,"showMaterialUpdate":false,"showSkybox":true,"showFlares":true,"showImageEffects":true,"showParticleSystems":true},"in2DMode":false,"pivot":{"x":64.84895324707031,"y":15.373590469360352,"z":57.676856994628909},"rotation":{"x":-0.3325803279876709,"y":-0.085552878677845,"z":0.030311759561300279,"w":-0.9387004375457764},"size":8.265557289123536,"orthographic":false}