{"cameraMode":{"drawMode":0,"name":"Shaded","section":"Shading Mode"},"sceneLighting":true,"audioPlay":false,"sceneViewState":{"showFog":true,"showMaterialUpdate":false,"showSkybox":true,"showFlares":true,"showImageEffects":true,"showParticleSystems":true},"in2DMode":false,"pivot":{"x":30.71528434753418,"y":-7.662467956542969,"z":30.13931655883789},"rotation":{"x":0.42944127321243288,"y":0.5339356660842896,"z":-0.363180011510849,"w":0.631349503993988},"size":53.10594940185547,"orthographic":false}