{"cameraMode":{"drawMode":0,"name":"Shaded","section":"Shading Mode"},"sceneLighting":true,"audioPlay":false,"sceneViewState":{"showFog":true,"showMaterialUpdate":false,"showSkybox":true,"showFlares":true,"showImageEffects":true,"showParticleSystems":true},"in2DMode":false,"pivot":{"x":82.63825225830078,"y":12.453636169433594,"z":80.2435073852539},"rotation":{"x":-0.15981756150722505,"y":0.806928813457489,"z":-0.5090680122375488,"w":-0.25332990288734438},"size":39.56707000732422,"orthographic":false}