{"cameraMode":{"drawMode":0,"name":"Shaded","section":"Shading Mode"},"sceneLighting":true,"audioPlay":false,"sceneViewState":{"showFog":true,"showMaterialUpdate":false,"showSkybox":true,"showFlares":true,"showImageEffects":true,"showParticleSystems":true},"in2DMode":false,"pivot":{"x":36.086631774902347,"y":4.439272880554199,"z":33.087196350097659},"rotation":{"x":-0.03119622729718685,"y":-0.1954130232334137,"z":0.006179112941026688,"w":-0.9802297949790955},"size":3.470993995666504,"orthographic":false}