{"cameraMode":{"drawMode":0,"name":"Shaded","section":"Shading Mode"},"sceneLighting":true,"audioPlay":false,"sceneViewState":{"showFog":true,"showMaterialUpdate":false,"showSkybox":true,"showFlares":true,"showImageEffects":true,"showParticleSystems":true},"in2DMode":false,"pivot":{"x":27.653480529785158,"y":1.5649032592773438,"z":15.455574035644532},"rotation":{"x":-0.47281283140182497,"y":-0.4619658887386322,"z":0.3224864900112152,"w":-0.6775754690170288},"size":39.82759475708008,"orthographic":false}